﻿<?xml version="1.0" encoding="utf-8"?>
<RegistryInterface 
	xmlns="http://www.SDMX.org/resources/SDMXML/schemas/v2_0/message" 
	xmlns:common="http://www.SDMX.org/resources/SDMXML/schemas/v2_0/common" 
	xmlns:compact="http://www.SDMX.org/resources/SDMXML/schemas/v2_0/compact" 
	xmlns:cross="http://www.SDMX.org/resources/SDMXML/schemas/v2_0/cross" 
	xmlns:generic="http://www.SDMX.org/resources/SDMXML/schemas/v2_0/generic" 
	xmlns:query="http://www.SDMX.org/resources/SDMXML/schemas/v2_0/query" 
	xmlns:structure="http://www.SDMX.org/resources/SDMXML/schemas/v2_0/structure" 
	xmlns:registry="http://www.SDMX.org/resources/SDMXML/schemas/v2_0/registry"
	xmlns:utility="http://www.SDMX.org/resources/SDMXML/schemas/v2_0/utility" 
	xmlns:xsi="http://www.w3.org/2001/XMLSchema-instance" 
	xsi:schemaLocation="http://www.SDMX.org/resources/SDMXML/schemas/v2_0/message SDMXMessage.xsd">
  <Header>
    <ID>GiTestClient</ID>
    <Test>true</Test>
    <Prepared>2014-05-29T11:00:00</Prepared>
    <Sender id="GiTestClient" />
    <Receiver id="GiTestServer" />
  </Header>  <QueryStructureRequest resolveReferences="false">
    <registry:DataflowRef />
  </QueryStructureRequest>
</RegistryInterface>
