<?xml version="1.0"?>
<RegistryInterface 
	xmlns="http://www.SDMX.org/resources/SDMXML/schemas/v2_0/message" 
	xmlns:common="http://www.SDMX.org/resources/SDMXML/schemas/v2_0/common" 
	xmlns:compact="http://www.SDMX.org/resources/SDMXML/schemas/v2_0/compact" 
	xmlns:cross="http://www.SDMX.org/resources/SDMXML/schemas/v2_0/cross" 
	xmlns:generic="http://www.SDMX.org/resources/SDMXML/schemas/v2_0/generic" 
	xmlns:query="http://www.SDMX.org/resources/SDMXML/schemas/v2_0/query" 
	xmlns:structure="http://www.SDMX.org/resources/SDMXML/schemas/v2_0/structure" 
	xmlns:registry="http://www.SDMX.org/resources/SDMXML/schemas/v2_0/registry"
	xmlns:utility="http://www.SDMX.org/resources/SDMXML/schemas/v2_0/utility" 
	xmlns:xsi="http://www.w3.org/2001/XMLSchema-instance" 
	xsi:schemaLocation="http://www.SDMX.org/resources/SDMXML/schemas/v2_0/message SDMXMessage.xsd">
 <Header>
    <ID>GiTestClient</ID>
    <Test>true</Test>
    <Prepared>2014-05-29T11:00:00</Prepared>
    <Sender id="GiTestClient" />
    <Receiver id="GiTestServer" />
 </Header>
	<QueryStructureRequest resolveReferences="false">
		<registry:CodelistRef>
			<registry:AgencyID>###AGENCYID###</registry:AgencyID>
			<registry:CodelistID>###RESOURCE###</registry:CodelistID>
			<registry:Version>###VERSION###</registry:Version>
		</registry:CodelistRef>
		<registry:DataflowRef>
		  <registry:AgencyID>###DFAGENCYID###</registry:AgencyID>
		  <registry:DataflowID>###DATAFLOWID###</registry:DataflowID>
		  <registry:Version>###DFVERSION###</registry:Version>
		  <registry:Constraint ConstraintType="Content">
			<common:ConstraintID>###DIMENSION###</common:ConstraintID>
			<common:CubeRegion isIncluded="true">
			  <common:Member isIncluded="true">
				<common:ComponentRef>###DIMENSION###</common:ComponentRef>
			  </common:Member>
			</common:CubeRegion>
		  </registry:Constraint>
		</registry:DataflowRef>
	</QueryStructureRequest>
</RegistryInterface>	